-- phpMyAdmin SQL Dump
-- version 4.8.0
-- https://www.phpmyadmin.net/
--
-- Host: 127.0.0.1
-- Generation Time: May 05, 2018 at 09:51 AM
-- Server version: 10.1.31-MariaDB
-- PHP Version: 7.2.4

SET SQL_MODE = "NO_AUTO_VALUE_ON_ZERO";
SET AUTOCOMMIT = 0;
START TRANSACTION;
SET time_zone = "+00:00";


/*!40101 SET @OLD_CHARACTER_SET_CLIENT=@@CHARACTER_SET_CLIENT */;
/*!40101 SET @OLD_CHARACTER_SET_RESULTS=@@CHARACTER_SET_RESULTS */;
/*!40101 SET @OLD_COLLATION_CONNECTION=@@COLLATION_CONNECTION */;
/*!40101 SET NAMES utf8mb4 */;

--
-- Database: `sancuagen`
--

-- --------------------------------------------------------

--
-- Table structure for table `admin`
--

CREATE TABLE `admin` (
  `nik` varchar(20) NOT NULL,
  `nama` varchar(255) NOT NULL,
  `alamat` text NOT NULL,
  `kota` varchar(50) NOT NULL,
  `telepon` varchar(20) NOT NULL,
  `kelamin` varchar(20) NOT NULL,
  `email` varchar(40) NOT NULL
) ENGINE=InnoDB DEFAULT CHARSET=latin1;

--
-- Dumping data for table `admin`
--

INSERT INTO `admin` (`nik`, `nama`, `alamat`, `kota`, `telepon`, `kelamin`, `email`) VALUES
('admin001', 'Nurul', 'Jalan Persahabatan VI', 'jakarta timur', '082122694604', 'Perempuan', 'info.sancuindonesia@gmail.com');

-- --------------------------------------------------------

--
-- Table structure for table `agen`
--

CREATE TABLE `agen` (
  `kode_agen` varchar(10) NOT NULL,
  `tgl_gabung` date NOT NULL,
  `nama` varchar(255) NOT NULL,
  `alamat` text NOT NULL,
  `kota` varchar(50) NOT NULL,
  `telepon` varchar(20) NOT NULL,
  `email` varchar(40) NOT NULL,
  `kelamin` varchar(20) NOT NULL,
  `fotoprofil` text NOT NULL
) ENGINE=InnoDB DEFAULT CHARSET=latin1;

--
-- Dumping data for table `agen`
--

INSERT INTO `agen` (`kode_agen`, `tgl_gabung`, `nama`, `alamat`, `kota`, `telepon`, `email`, `kelamin`, `fotoprofil`) VALUES
('agen001', '2018-04-15', 'M Ikhsan', 'Jln Raya PKP ciracasssssssss', 'DKI Jakarta', '081293925404', 'ikhsanmuhammad74@yahoo.co.id', 'Laki-laki', 'upload/profil/profil-ihsan.jpg'),
('agen002', '2018-04-17', 'Abin', 'Jl. Cipinang Pulo RT.13/RW 12 no 24, kel. Cipinang Besar Utara Kec.Jatinegara Jakt-Tim 13410', 'Jakarta Timur', '085219441217', 'tary_minie@yahoo.co.id', 'Laki-laki', 'upload/profil/abin.jpg'),
('agen003', '2018-04-18', 'Yuni', 'Jl.Jatimas Raya RT.03 RW.05 Karangroto Genuk Semarang', 'Semarang', '081325656978', 'izzdzak@ymail.com', 'Perempuan', ''),
('agen004', '2018-04-21', 'Mal', 'jalan jalan ah', 'Jakarta', '02101201020', 'mal@mal.com', 'Laki-laki', '');

-- --------------------------------------------------------

--
-- Table structure for table `bonus`
--

CREATE TABLE `bonus` (
  `kode_bonus` int(11) NOT NULL,
  `kode_agen` varchar(10) NOT NULL,
  `jumlah_bonus` int(11) NOT NULL,
  `ribuan` int(11) NOT NULL,
  `puluhan_ribu` int(11) NOT NULL,
  `total_pembelian` int(11) NOT NULL
) ENGINE=InnoDB DEFAULT CHARSET=latin1;

--
-- Dumping data for table `bonus`
--

INSERT INTO `bonus` (`kode_bonus`, `kode_agen`, `jumlah_bonus`, `ribuan`, `puluhan_ribu`, `total_pembelian`) VALUES
(0, 'agen001', 480000, 1600, 0, 1600);

-- --------------------------------------------------------

--
-- Table structure for table `bonus_detail`
--

CREATE TABLE `bonus_detail` (
  `kode_bonus` int(11) NOT NULL,
  `status` varchar(10) NOT NULL,
  `bonus` int(11) NOT NULL,
  `jumlah_pembelian` int(11) NOT NULL,
  `tanggal_pembelian` date NOT NULL,
  `kode_bonus_detail` int(11) NOT NULL
) ENGINE=InnoDB DEFAULT CHARSET=latin1;

--
-- Dumping data for table `bonus_detail`
--

INSERT INTO `bonus_detail` (`kode_bonus`, `status`, `bonus`, `jumlah_pembelian`, `tanggal_pembelian`, `kode_bonus_detail`) VALUES
(0, '', 0, 600, '2018-05-05', 13),
(0, '', 480000, 500, '2018-05-05', 14);

-- --------------------------------------------------------

--
-- Table structure for table `login`
--

CREATE TABLE `login` (
  `username` varchar(20) NOT NULL,
  `password` varchar(255) NOT NULL,
  `level` int(11) NOT NULL
) ENGINE=InnoDB DEFAULT CHARSET=latin1;

--
-- Dumping data for table `login`
--

INSERT INTO `login` (`username`, `password`, `level`) VALUES
('admin001', 'password', 1),
('agen001', 'password', 2);

-- --------------------------------------------------------

--
-- Table structure for table `pembayaran`
--

CREATE TABLE `pembayaran` (
  `kode_pembayaran` int(11) NOT NULL,
  `kode_pembelian` int(11) NOT NULL,
  `tanggal_pembelian` date NOT NULL,
  `jumlah_pembelian` int(11) NOT NULL,
  `sisa_tagihan` int(11) NOT NULL
) ENGINE=InnoDB DEFAULT CHARSET=latin1;

--
-- Dumping data for table `pembayaran`
--

INSERT INTO `pembayaran` (`kode_pembayaran`, `kode_pembelian`, `tanggal_pembelian`, `jumlah_pembelian`, `sisa_tagihan`) VALUES
(33, 61, '2018-04-24', 1000000, -900000),
(34, 62, '2018-04-26', 2100000, 300000);

-- --------------------------------------------------------

--
-- Table structure for table `pembayaran_detail`
--

CREATE TABLE `pembayaran_detail` (
  `kode_pembayaran` int(11) NOT NULL,
  `tanggal_pembayaran` date NOT NULL,
  `tagihan_sebelumnya` int(11) NOT NULL,
  `nominal_pembayaran` int(11) NOT NULL,
  `sisa_tagihan` int(11) NOT NULL,
  `kode_pembayaran_detail` int(11) NOT NULL,
  `keterangan` text NOT NULL
) ENGINE=InnoDB DEFAULT CHARSET=latin1;

--
-- Dumping data for table `pembayaran_detail`
--

INSERT INTO `pembayaran_detail` (`kode_pembayaran`, `tanggal_pembayaran`, `tagihan_sebelumnya`, `nominal_pembayaran`, `sisa_tagihan`, `kode_pembayaran_detail`, `keterangan`) VALUES
(33, '2018-04-25', 1000000, 600000, 400000, 23, 'Bayar pembelian 24 April lewat mandiri'),
(33, '2018-04-25', 400000, 300000, 100000, 24, 'bayar pembelian tgl 24 April BCA'),
(33, '2018-04-27', 100000, 1000000, -900000, 25, 'Bayar tagihan tgl 24 April Lebih 900rb'),
(34, '2018-04-27', 2100000, 800000, 1300000, 26, 'Bayar tagihan tgl 26 April BCA'),
(34, '2018-04-28', 1300000, 1000000, 300000, 27, 'bayar pembelian tgl 26 April Mandiri');

-- --------------------------------------------------------

--
-- Table structure for table `pembelian`
--

CREATE TABLE `pembelian` (
  `kode_pembelian` int(11) NOT NULL,
  `kode_agen` varchar(10) NOT NULL,
  `tanggal_pembelian` date NOT NULL,
  `total_item` int(11) NOT NULL,
  `total_pembelian` int(11) NOT NULL
) ENGINE=InnoDB DEFAULT CHARSET=latin1;

--
-- Dumping data for table `pembelian`
--

INSERT INTO `pembelian` (`kode_pembelian`, `kode_agen`, `tanggal_pembelian`, `total_item`, `total_pembelian`) VALUES
(61, 'agen001', '2018-04-24', 1000, 1000000),
(62, 'agen001', '2018-04-26', 1650, 2100000);

-- --------------------------------------------------------

--
-- Table structure for table `pembelian_detail`
--

CREATE TABLE `pembelian_detail` (
  `kode_pembelian_detail` int(11) NOT NULL,
  `kode_pembelian` int(11) NOT NULL,
  `kode_item` varchar(255) NOT NULL,
  `jumlah_item` int(11) NOT NULL,
  `total_harga_item` int(11) NOT NULL
) ENGINE=InnoDB DEFAULT CHARSET=latin1;

--
-- Dumping data for table `pembelian_detail`
--

INSERT INTO `pembelian_detail` (`kode_pembelian_detail`, `kode_pembelian`, `kode_item`, `jumlah_item`, `total_harga_item`) VALUES
(88, 61, 'sancu', 100, 100000),
(89, 61, 'boncu', 200, 200000),
(90, 61, 'pretty', 300, 300000),
(91, 61, 'xtreme', 400, 400000),
(92, 62, 'sancu', 50, 500000),
(93, 62, 'boncu', 600, 600000),
(94, 62, 'pretty', 300, 300000),
(95, 62, 'xtreme', 700, 700000);

-- --------------------------------------------------------

--
-- Table structure for table `produk`
--

CREATE TABLE `produk` (
  `kode_item` varchar(255) NOT NULL,
  `Nama` varchar(255) NOT NULL
) ENGINE=InnoDB DEFAULT CHARSET=latin1;

--
-- Dumping data for table `produk`
--

INSERT INTO `produk` (`kode_item`, `Nama`) VALUES
('boncu', 'boncu'),
('pretty', 'pretty'),
('sancu', 'sancu'),
('xtreme', 'xtreme');

-- --------------------------------------------------------

--
-- Table structure for table `saldo`
--

CREATE TABLE `saldo` (
  `kode_saldo` int(11) NOT NULL,
  `kode_agen` varchar(10) NOT NULL,
  `tgl_perubahan` date NOT NULL,
  `debet` int(11) NOT NULL,
  `kredit` int(11) NOT NULL,
  `nominal` int(11) NOT NULL,
  `keterangan` text NOT NULL
) ENGINE=InnoDB DEFAULT CHARSET=latin1;

--
-- Dumping data for table `saldo`
--

INSERT INTO `saldo` (`kode_saldo`, `kode_agen`, `tgl_perubahan`, `debet`, `kredit`, `nominal`, `keterangan`) VALUES
(28, 'agen001', '2018-04-24', 1000000, 0, 1000000, 'pembelian'),
(29, 'agen001', '2018-04-25', 0, 600000, 400000, 'Bayar pembelian 24 April lewat mandiri'),
(30, 'agen001', '2018-04-25', 0, 300000, 100000, 'bayar pembelian tgl 24 April BCA'),
(31, 'agen001', '2018-04-26', 2100000, 0, 2200000, 'pembelian'),
(32, 'agen001', '2018-04-27', 0, 1000000, 1200000, 'Bayar tagihan tgl 24 April Lebih 900rb'),
(33, 'agen001', '2018-04-27', 0, 800000, 400000, 'Bayar tagihan tgl 26 April BCA'),
(34, 'agen001', '2018-04-28', 0, 1000000, -600000, 'bayar pembelian tgl 26 April Mandiri');

--
-- Indexes for dumped tables
--

--
-- Indexes for table `admin`
--
ALTER TABLE `admin`
  ADD PRIMARY KEY (`nik`);

--
-- Indexes for table `agen`
--
ALTER TABLE `agen`
  ADD PRIMARY KEY (`kode_agen`);

--
-- Indexes for table `bonus`
--
ALTER TABLE `bonus`
  ADD PRIMARY KEY (`kode_bonus`),
  ADD KEY `kode_agen` (`kode_agen`);

--
-- Indexes for table `bonus_detail`
--
ALTER TABLE `bonus_detail`
  ADD PRIMARY KEY (`kode_bonus_detail`),
  ADD KEY `kode_bonus` (`kode_bonus`);

--
-- Indexes for table `login`
--
ALTER TABLE `login`
  ADD PRIMARY KEY (`username`);

--
-- Indexes for table `pembayaran`
--
ALTER TABLE `pembayaran`
  ADD PRIMARY KEY (`kode_pembayaran`),
  ADD KEY `kode_pembelian` (`kode_pembelian`);

--
-- Indexes for table `pembayaran_detail`
--
ALTER TABLE `pembayaran_detail`
  ADD PRIMARY KEY (`kode_pembayaran_detail`),
  ADD KEY `kode_pembayaran` (`kode_pembayaran`);

--
-- Indexes for table `pembelian`
--
ALTER TABLE `pembelian`
  ADD PRIMARY KEY (`kode_pembelian`),
  ADD KEY `kode_agen` (`kode_agen`),
  ADD KEY `kode_pembelian` (`kode_pembelian`);

--
-- Indexes for table `pembelian_detail`
--
ALTER TABLE `pembelian_detail`
  ADD PRIMARY KEY (`kode_pembelian_detail`),
  ADD KEY `kode_item` (`kode_item`),
  ADD KEY `pembelian_detail_ibfk_1` (`kode_pembelian`);

--
-- Indexes for table `produk`
--
ALTER TABLE `produk`
  ADD PRIMARY KEY (`kode_item`);

--
-- Indexes for table `saldo`
--
ALTER TABLE `saldo`
  ADD PRIMARY KEY (`kode_saldo`),
  ADD KEY `kode_agen` (`kode_agen`);

--
-- AUTO_INCREMENT for dumped tables
--

--
-- AUTO_INCREMENT for table `bonus_detail`
--
ALTER TABLE `bonus_detail`
  MODIFY `kode_bonus_detail` int(11) NOT NULL AUTO_INCREMENT, AUTO_INCREMENT=15;

--
-- AUTO_INCREMENT for table `pembayaran`
--
ALTER TABLE `pembayaran`
  MODIFY `kode_pembayaran` int(11) NOT NULL AUTO_INCREMENT, AUTO_INCREMENT=35;

--
-- AUTO_INCREMENT for table `pembayaran_detail`
--
ALTER TABLE `pembayaran_detail`
  MODIFY `kode_pembayaran_detail` int(11) NOT NULL AUTO_INCREMENT, AUTO_INCREMENT=28;

--
-- AUTO_INCREMENT for table `pembelian`
--
ALTER TABLE `pembelian`
  MODIFY `kode_pembelian` int(11) NOT NULL AUTO_INCREMENT, AUTO_INCREMENT=63;

--
-- AUTO_INCREMENT for table `pembelian_detail`
--
ALTER TABLE `pembelian_detail`
  MODIFY `kode_pembelian_detail` int(11) NOT NULL AUTO_INCREMENT, AUTO_INCREMENT=96;

--
-- AUTO_INCREMENT for table `saldo`
--
ALTER TABLE `saldo`
  MODIFY `kode_saldo` int(11) NOT NULL AUTO_INCREMENT, AUTO_INCREMENT=35;

--
-- Constraints for dumped tables
--

--
-- Constraints for table `bonus`
--
ALTER TABLE `bonus`
  ADD CONSTRAINT `bonus_ibfk_1` FOREIGN KEY (`kode_agen`) REFERENCES `agen` (`kode_agen`);

--
-- Constraints for table `bonus_detail`
--
ALTER TABLE `bonus_detail`
  ADD CONSTRAINT `bonus_detail_ibfk_1` FOREIGN KEY (`kode_bonus`) REFERENCES `bonus` (`kode_bonus`);

--
-- Constraints for table `pembayaran`
--
ALTER TABLE `pembayaran`
  ADD CONSTRAINT `pembayaran_ibfk_1` FOREIGN KEY (`kode_pembelian`) REFERENCES `pembelian` (`kode_pembelian`);

--
-- Constraints for table `pembayaran_detail`
--
ALTER TABLE `pembayaran_detail`
  ADD CONSTRAINT `pembayaran_detail_ibfk_1` FOREIGN KEY (`kode_pembayaran`) REFERENCES `pembayaran` (`kode_pembayaran`);

--
-- Constraints for table `pembelian`
--
ALTER TABLE `pembelian`
  ADD CONSTRAINT `pembelian_ibfk_1` FOREIGN KEY (`kode_agen`) REFERENCES `agen` (`kode_agen`);

--
-- Constraints for table `pembelian_detail`
--
ALTER TABLE `pembelian_detail`
  ADD CONSTRAINT `pembelian_detail_ibfk_1` FOREIGN KEY (`kode_pembelian`) REFERENCES `pembelian` (`kode_pembelian`),
  ADD CONSTRAINT `pembelian_detail_ibfk_2` FOREIGN KEY (`kode_item`) REFERENCES `produk` (`kode_item`);

--
-- Constraints for table `saldo`
--
ALTER TABLE `saldo`
  ADD CONSTRAINT `saldo_ibfk_1` FOREIGN KEY (`kode_agen`) REFERENCES `agen` (`kode_agen`);
COMMIT;

/*!40101 SET CHARACTER_SET_CLIENT=@OLD_CHARACTER_SET_CLIENT */;
/*!40101 SET CHARACTER_SET_RESULTS=@OLD_CHARACTER_SET_RESULTS */;
/*!40101 SET COLLATION_CONNECTION=@OLD_COLLATION_CONNECTION */;
